{"cameraMode":{"drawMode":0,"name":"Shaded","section":"Shading Mode"},"sceneLighting":true,"audioPlay":false,"sceneViewState":{"m_AlwaysRefresh":false,"showFog":true,"showSkybox":true,"showFlares":true,"showImageEffects":true,"showParticleSystems":true,"showVisualEffectGraphs":true,"m_FxEnabled":true},"in2DMode":false,"pivot":{"x":26.668991088867189,"y":-2.4581780433654787,"z":31.273130416870118},"rotation":{"x":0.10794194787740708,"y":0.7290748357772827,"z":-0.11826340854167938,"w":0.6654444336891174},"size":8.599967956542969,"orthographic":false}