{"cameraMode":{"drawMode":0,"name":"Shaded","section":"Shading Mode"},"sceneLighting":true,"audioPlay":false,"sceneViewState":{"m_AlwaysRefresh":false,"showFog":true,"showSkybox":true,"showFlares":true,"showImageEffects":true,"showParticleSystems":true,"showVisualEffectGraphs":true,"m_FxEnabled":true},"in2DMode":false,"pivot":{"x":4.985917091369629,"y":-1.7160216569900513,"z":34.470176696777347},"rotation":{"x":0.06377442181110382,"y":-0.054512251168489459,"z":0.0033125621266663076,"w":0.9965529441833496},"size":12.12435531616211,"orthographic":false}