{"cameraMode":{"drawMode":0,"name":"Shaded","section":"Shading Mode"},"sceneLighting":true,"audioPlay":false,"sceneViewState":{"m_AlwaysRefresh":false,"showFog":true,"showSkybox":true,"showFlares":true,"showImageEffects":true,"showParticleSystems":true,"showVisualEffectGraphs":true,"m_FxEnabled":true},"in2DMode":false,"pivot":{"x":8.914430618286133,"y":0.34354084730148318,"z":6.834004878997803},"rotation":{"x":-0.044642120599746707,"y":-0.33104681968688967,"z":0.015889016911387445,"w":-0.9425364136695862},"size":2.327481508255005,"orthographic":false}